diversity_metric	statistic	p.value	parameter	method	case	diarrheal_control	nondiarrheal_control	diarrheal_control-case	nondiarrheal_control-case	nondiarrheal_control-diarrheal_control
shannon	182.04313565151466	2.950090636167998e-40	2	Kruskal-Wallis rank sum test	2.419004	2.4716955	2.798196	0.280833013890876	1.6879899433581506e-41	7.193731727461993e-26
inverse_simpson	144.78367005990725	3.636013706075468e-32	2	Kruskal-Wallis rank sum test	6.560248	6.6081675	9.026309	0.5134523459797193	1.5144042091146703e-29	1.0973037147412022e-24
richness	204.11745553751607	4.747420490816294e-45	2	Kruskal-Wallis rank sum test	70.893	82.6015	99.683	1.525711868146422e-11	1.2795608149508404e-48	3.8711577259657246e-14
