diversity_metric	statistic	p.value	parameter	method	case	diarrheal_control	nondiarrheal_control	diarrheal_control-case	nondiarrheal_control-case	nondiarrheal_control-diarrheal_control
shannon	181.5323257029468	3.808520784784463e-40	2	Kruskal-Wallis rank sum test	2.4188485	2.4716955	2.797357	0.2811529012366056	2.2652140753925142e-41	7.993642627878216e-26
inverse_simpson	143.86423559297694	5.758086296547012e-32	2	Kruskal-Wallis rank sum test	6.56135	6.6081675	9.023216999999999	0.5054830900143036	2.479053891148733e-29	1.4204922692915662e-24
richness	204.92687585798046	3.1673372660400194e-45	2	Kruskal-Wallis rank sum test	70.8745	82.6015	99.774	1.3907761561231654e-11	8.443806742220125e-49	3.3042199135494054e-14
