effects	Df	SumsOfSqs	MeanSqs	F.Model	R2	Pr(>F)
pbs_added	1	-1.0285430945111126e-4	-1.0285430945111126e-4	-11.454627803484964	-0.0029231836601305316	1
Residuals	3930	0.03528857009390456	8.97927992211312e-6	NA	1.0029231836601304	NA
Total	3931	0.03518571578445345	NA	NA	1	NA
