cv_metric_AUC,logLoss,AUC,prAUC,Accuracy,Kappa,F1,Sensitivity,Specificity,Pos_Pred_Value,Neg_Pred_Value,Precision,Recall,Detection_Rate,Balanced_Accuracy,method,seed,outcome,taxlevel,metric,dataset,trainfrac
0.662995650896268,0.188512884986433,0.609803921568628,0.511621974050389,0.953271028037383,0,0.976076555023924,1,0,0.953271028037383,NA,0.953271028037383,1,0.953271028037383,0.5,glmnet,100,attrib,OTU,AUC,full,0.8
0.615493204525419,0.311766498190996,0.698039215686274,0.525132263709401,0.91588785046729,-0.0433369447453961,0.95609756097561,0.96078431372549,0,0.951456310679612,0,0.951456310679612,0.96078431372549,0.91588785046729,0.480392156862745,glmnet,101,attrib,OTU,AUC,full,0.8
0.636250341005968,0.539433644352025,0.474418604651163,0.494768996332146,0.912087912087912,-0.0429799426934111,0.954022988505747,0.965116279069767,0,0.943181818181818,0,0.943181818181818,0.965116279069767,0.912087912087912,0.482558139534884,glmnet,100,attrib,OTU,AUC,int,0.8
0.615233887468031,0.326988410279799,0.648837209302326,0.520576140910525,0.912087912087912,-0.0429799426934111,0.954022988505747,0.965116279069767,0,0.943181818181818,0,0.943181818181818,0.965116279069767,0.912087912087912,0.482558139534884,glmnet,101,attrib,OTU,AUC,int,0.8
0.615940111666177,0.188557271305677,0.564705882352941,0.506440383689666,0.953271028037383,0,0.976076555023924,1,0,0.953271028037383,NA,0.953271028037383,1,0.953271028037383,0.5,glmnet,100,attrib,genus,AUC,full,0.8
0.708027314134587,0.188800470261869,0.552941176470588,0.503680095753471,0.953271028037383,0,0.976076555023924,1,0,0.953271028037383,NA,0.953271028037383,1,0.953271028037383,0.5,glmnet,101,attrib,genus,AUC,full,0.8
0.570870929241262,0.212559613916578,0.579069767441861,0.520167653709951,0.945054945054945,0,0.971751412429379,1,0,0.945054945054945,NA,0.945054945054945,1,0.945054945054945,0.5,glmnet,100,attrib,genus,AUC,int,0.8
0.690474872122762,0.208147606805839,0.434883720930233,0.500708167781175,0.945054945054945,0,0.971751412429379,1,0,0.945054945054945,NA,0.945054945054945,1,0.945054945054945,0.5,glmnet,101,attrib,genus,AUC,int,0.8
